{
  "placeholderImages": [
    {
      "id": "hero-homepage",
      "description": "A large construction site at sunset, showing the scale of a project.",
      "imageUrl": "https://images.unsplash.com/photo-1567954970774-58d6aa6c50dc?crop=entropy&cs=tinysrgb&fit=max&fm=jpg&ixid=M3w3NDE5ODJ8MHwxfHNlYXJjaHw2fHxjb25zdHJ1Y3Rpb24lMjBzaXRlfGVufDB8fHx8MTc2MjEzNDM4MXww&ixlib=rb-4.1.0&q=80&w=1080",
      "imageHint": "construction site"
    },
    {
      "id": "service-boom-pump",
      "description": "A concrete boom pump truck extending its arm over a building foundation.",
      "imageUrl": "https://images.unsplash.com/photo-1708881050964-4bfdee38940a?crop=entropy&cs=tinysrgb&fit=max&fm=jpg&ixid=M3w3NDE5ODJ8MHwxfHNlYXJjaHw1fHxjb25jcmV0ZSUyMHB1bXB8ZW58MHx8fHwxNzYyMjA2NTE4fDA&ixlib=rb-4.1.0&q=80&w=1080",
      "imageHint": "concrete pump"
    },
    {
      "id": "service-boom-pump-small",
      "description": "Close up of a concrete boom pump truck.",
      "imageUrl": "https://images.unsplash.com/photo-1695327057610-3821e847601d?crop=entropy&cs=tinysrgb&fit=max&fm=jpg&ixid=M3w3NDE5ODJ8MHwxfHNlYXJjaHwyfHxjb25jcmV0ZSUyMHRydWNrfGVufDB8fHx8MTc2MjIwNjUxOHww&ixlib=rb-4.1.0&q=80&w=1080",
      "imageHint": "concrete truck"
    },
    {
      "id": "gallery-preview-1",
      "description": "A concrete mixing truck pouring cement.",
      "imageUrl": "https://images.unsplash.com/photo-1728333689594-9aaaf19dde10?crop=entropy&cs=tinysrgb&fit=max&fm=jpg&ixid=M3w3NDE5ODJ8MHwxfHNlYXJjaHw4fHxjb25jcmV0ZSUyMHRydWNrfGVufDB8fHx8MTc2MjIwNjUxOHww&ixlib=rb-4.1.0&q=80&w=1080",
      "imageHint": "concrete truck"
    },
    {
      "id": "gallery-preview-2",
      "description": "Workers smoothing freshly poured concrete on a large floor.",
      "imageUrl": "https://images.unsplash.com/photo-1694522362256-6c907336af43?crop=entropy&cs=tinysrgb&fit=max&fm=jpg&ixid=M3w3NDE5ODJ8MHwxfHNlYXJjaHw3fHxjb25zdHJ1Y3Rpb24lMjB3b3JrZXJzfGVufDB8fHx8MTc2MjE0MjIzOXww&ixlib=rb-4.1.0&q=80&w=1080",
      "imageHint": "construction workers"
    },
    {
      "id": "gallery-preview-3",
      "description": "A high-angle view of a construction site foundation.",
      "imageUrl": "https://images.unsplash.com/photo-1541888698598-4096432cd70e?crop=entropy&cs=tinysrgb&fit=max&fm=jpg&ixid=M3w3NDE5ODJ8MHwxfHNlYXJjaHw5fHxidWlsZGluZyUyMGZvdW5kYXRpb258ZW58MHx8fHwxNzYyMjA2NTE4fDA&ixlib=rb-4.1.0&q=80&w=1080",
      "imageHint": "building foundation"
    },
    {
      "id": "gallery-preview-4",
      "description": "A row of ready-mix concrete trucks at the STR MIX facility.",
      "imageUrl": "https://images.unsplash.com/photo-1591419478162-a4dd21b7ec0a?crop=entropy&cs=tinysrgb&fit=max&fm=jpg&ixid=M3w3NDE5ODJ8MHwxfHNlYXJjaHw0fHx0cnVjayUyMGZsZWV0fGVufDB8fHx8MTc2MjIwNjUxOHww&ixlib=rb-4.1.0&q=80&w=1080",
      "imageHint": "truck fleet"
    },
    {
      "id": "gallery-1",
      "description": "STR MIX concrete production facility.",
      "imageUrl": "https://images.unsplash.com/photo-1516937941344-00b4e0337589?crop=entropy&cs=tinysrgb&fit=max&fm=jpg&ixid=M3w3NDE5ODJ8MHwxfHNlYXJjaHwyfHxpbmR1c3RyaWFsJTIwZmFjdG9yeXxlbnwwfHx8fDE3NjIxMDUwNTJ8MA&ixlib=rb-4.1.0&q=80&w=1080",
      "imageHint": "industrial factory"
    },
    {
      "id": "gallery-2",
      "description": "A finished multi-story building constructed with STR MIX concrete.",
      "imageUrl": "https://images.unsplash.com/photo-1461695008884-244cb4543d74?crop=entropy&cs=tinysrgb&fit=max&fm=jpg&ixid=M3w3NDE5ODJ8MHwxfHNlYXJjaHwxMHx8bW9kZXJuJTIwYXJjaGl0ZWN0dXJlfGVufDB8fHx8MTc2MjE5MzU1OHww&ixlib=rb-4.1.0&q=80&w=1080",
      "imageHint": "modern architecture"
    },
    {
      "id": "gallery-3",
      "description": "Close-up of a concrete texture.",
      "imageUrl": "https://images.unsplash.com/photo-1617713965103-9fda56c89fad?crop=entropy&cs=tinysrgb&fit=max&fm=jpg&ixid=M3w3NDE5ODJ8MHwxfHNlYXJjaHwyfHxjb25jcmV0ZSUyMHRleHR1cmV8ZW58MHx8fHwxNzYyMjA2NTE4fDA&ixlib=rb-4.1.0&q=80&w=1080",
      "imageHint": "concrete texture"
    },
    {
      "id": "gallery-4",
      "description": "Boom pump in action against a city skyline.",
      "imageUrl": "https://images.unsplash.com/photo-1618774753940-64cc836f6756?crop=entropy&cs=tinysrgb&fit=max&fm=jpg&ixid=M3w3NDE5ODJ8MHwxfHNlYXJjaHwzfHxjaXR5JTIwY29uc3RydWN0aW9ufGVufDB8fHx8MTc2MjIwNjUxOHww&ixlib=rb-4.1.0&q=80&w=1080",
      "imageHint": "city construction"
    },
    {
      "id": "gallery-5",
      "description": "Pouring concrete for a residential driveway.",
      "imageUrl": "https://images.unsplash.com/photo-1503387762-592deb58ef4e?crop=entropy&cs=tinysrgb&fit=max&fm=jpg&ixid=M3w3NDE5ODJ8MHwxfHNlYXJjaHw5fHxyZXNpZGVudGlhbCUyMGNvbnN0cnVjdGlvbnxlbnwwfHx8fDE3NjIxMjcyNjl8MA&ixlib=rb-4.1.0&q=80&w=1080",
      "imageHint": "residential construction"
    },
    {
      "id": "gallery-6",
      "description": "An engineer inspecting the concrete pour.",
      "imageUrl": "https://images.unsplash.com/photo-1694521787673-28cbd8830ea5?crop=entropy&cs=tinysrgb&fit=max&fm=jpg&ixid=M3w3NDE5ODJ8MHwxfHNlYXJjaHw4fHxjaXZpbCUyMGVuZ2luZWVyfGVufDB8fHx8MTc2MjE4NjUzNnww&ixlib=rb-4.1.0&q=80&w=1080",
      "imageHint": "civil engineer"
    },
    {
      "id": "gallery-7",
      "description": "Aerial view of a large-scale infrastructure project.",
      "imageUrl": "https://images.unsplash.com/photo-1709138005184-d768ae4872d2?crop=entropy&cs=tinysrgb&fit=max&fm=jpg&ixid=M3w3NDE5ODJ8MHwxfHNlYXJjaHw4fHxoaWdod2F5JTIwY29uc3RydWN0aW9ufGVufDB8fHx8MTc2MjIwNjUxOHww&ixlib=rb-4.1.0&q=80&w=1080",
      "imageHint": "highway construction"
    },
    {
      "id": "gallery-8",
      "description": "Concrete silos at the mixing plant.",
      "imageUrl": "https://images.unsplash.com/photo-1624484582400-3b947099da49?crop=entropy&cs=tinysrgb&fit=max&fm=jpg&ixid=M3w3NDE5ODJ8MHwxfHNlYXJjaHw4fHxjZW1lbnQlMjBmYWN0b3J5fGVufDB8fHx8MTc2MjIwNjUxOHww&ixlib=rb-4.1.0&q=80&w=1080",
      "imageHint": "cement factory"
    },
    {
      "id": "product-standard-lean",
      "description": "Freshly poured lean concrete for a sub-base.",
      "imageUrl": "https://images.unsplash.com/photo-1650460533962-601b36580ef4?crop=entropy&cs=tinysrgb&fit=max&fm=jpg&ixid=M3w3NDE5ODJ8MHwxfHNlYXJjaHw5fHxjb25jcmV0ZSUyMGJhc2V8ZW58MHx8fHwxNzYyMjA3MDc3fDA&ixlib=rb-4.1.0&q=80&w=1080",
      "imageHint": "concrete base"
    },
    {
      "id": "product-standard-patio",
      "description": "A newly laid concrete patio.",
      "imageUrl": "https://images.unsplash.com/photo-1547282183-68be9f696735?crop=entropy&cs=tinysrgb&fit=max&fm=jpg&ixid=M3w3NDE5ODJ8MHwxfHNlYXJjaHw4fHxjb25jcmV0ZSUyMHBhdGlvfGVufDB8fHx8MTc2MjIwNzA3N3ww&ixlib=rb-4.1.0&q=80&w=1080",
      "imageHint": "concrete patio"
    },
    {
      "id": "product-standard-light-foundations",
      "description": "Lightweight concrete foundation for a domestic extension.",
      "imageUrl": "https://images.unsplash.com/photo-1504307651254-35680f356dfd?crop=entropy&cs=tinysrgb&fit=max&fm=jpg&ixid=M3w3NDE5ODJ8MHwxfHNlYXJjaHwyfHxob3VzZSUyMGZvdW5kYXRpb258ZW58MHx8fHwxNzYyMTkxOTkxfDA&ixlib=rb-4.1.0&q=80&w=1080",
      "imageHint": "house foundation"
    },
    {
      "id": "product-standard-foundations",
      "description": "Concrete being poured into foundation trenches for a new house.",
      "imageUrl": "https://images.unsplash.com/photo-1574757987642-5755f0839101?crop=entropy&cs=tinysrgb&fit=max&fm=jpg&ixid=M3w3NDE5ODJ8MHwxfHNlYXJjaHwyfHxwb3VyaW5nJTIwY29uY3JldGV8ZW58MHx8fHwxNzYyMjA3MDc3fDA&ixlib=rb-4.1.0&q=80&w=1080",
      "imageHint": "pouring concrete"
    },
    {
      "id": "product-standard-multipurpose",
      "description": "A versatile slab of concrete for general use.",
      "imageUrl": "https://images.unsplash.com/photo-1547804550-b970052d6825?crop=entropy&cs=tinysrgb&fit=max&fm=jpg&ixid=M3w3NDE5ODJ8MHwxfHNlYXJjaHwzfHxjb25jcmV0ZSUyMHNsYWJ8ZW58MHx8fHwxNzYyMjA3MDc3fDA&ixlib=rb-4.1.0&q=80&w=1080",
      "imageHint": "concrete slab"
    },
    {
      "id": "product-standard-roadway",
      "description": "A new concrete roadway being paved.",
      "imageUrl": "https://images.unsplash.com/photo-1591486085897-f433f05e7aed?crop=entropy&cs=tinysrgb&fit=max&fm=jpg&ixid=M3w3NDE5ODJ8MHwxfHNlYXJjaHwyfHxyb2FkJTIwY29uc3RydWN0aW9ufGVufDB8fHx8MTc2MjIwNzA3N3ww&ixlib=rb-4.1.0&q=80&w=1080",
      "imageHint": "road construction"
    },
    {
      "id": "product-standard-commercial",
      "description": "Large concrete floor of a commercial building during construction.",
      "imageUrl": "https://images.unsplash.com/photo-1429497419816-9ca5cfb4571a?crop=entropy&cs=tinysrgb&fit=max&fm=jpg&ixid=M3w3NDE5ODJ8MHwxfHNlYXJjaHw0fHxjb21tZXJjaWFsJTIwY29uc3RydWN0aW9ufGVufDB8fHx8MTc2MjIwNzA3N3ww&ixlib=rb-4.1.0&q=80&w=1080",
      "imageHint": "commercial construction"
    },
    {
      "id": "product-standard-structural",
      "description": "Large concrete support beams for a high-rise building.",
      "imageUrl": "https://images.unsplash.com/photo-1761158494857-7101d3036e32?crop=entropy&cs=tinysrgb&fit=max&fm=jpg&ixid=M3w3NDE5ODJ8MHwxfHNlYXJjaHw1fHxjb25jcmV0ZSUyMGJlYW1zfGVufDB8fHx8MTc2MjIwNzA3N3ww&ixlib=rb-4.1.0&q=80&w=1080",
      "imageHint": "concrete beams"
    },
    {
      "id": "product-standard-prestressed",
      "description": "Pre-stressed concrete beams waiting for installation.",
      "imageUrl": "https://images.unsplash.com/photo-1711618734250-ad5951b1f17d?crop=entropy&cs=tinysrgb&fit=max&fm=jpg&ixid=M3w3NDE5ODJ8MHwxfHNlYXJjaHw3fHxjb25jcmV0ZSUyMGdpcmRlcnN8ZW58MHx8fHwxNzYyMjA3MDc3fDA&ixlib=rb-4.1.0&q=80&w=1080",
      "imageHint": "concrete girders"
    },
    {
      "id": "product-standard-ultra-high-strength",
      "description": "A massive concrete dam structure showcasing durability.",
      "imageUrl": "https://images.unsplash.com/photo-1705442200932-3705f45ab758?crop=entropy&cs=tinysrgb&fit=max&fm=jpg&ixid=M3w3NDE5ODJ8MHwxfHNlYXJjaHwzfHxjb25jcmV0ZSUyMGRhbXxlbnwwfHx8fDE3NjIxNjE4OTZ8MA&ixlib=rb-4.1.0&q=80&w=1080",
      "imageHint": "concrete dam"
    },
    {
      "id": "product-reinforced-light",
      "description": "A house floor with steel rebar before concrete is poured.",
      "imageUrl": "https://images.unsplash.com/photo-1658927419549-8946cd8d33c3?crop=entropy&cs=tinysrgb&fit=max&fm=jpg&ixid=M3w3NDE5ODJ8MHwxfHNlYXJjaHwxfHxyZWJhciUyMGZsb29yfGVufDB8fHx8MTc2MjIwNzA3OHww&ixlib=rb-4.1.0&q=80&w=1080",
      "imageHint": "rebar floor"
    },
    {
      "id": "product-reinforced-heavy",
      "description": "Thick steel reinforcement for a heavy-duty commercial foundation.",
      "imageUrl": "https://images.unsplash.com/photo-1498457349504-289ee698e52c?crop=entropy&cs=tinysrgb&fit=max&fm=jpg&ixid=M3w3NDE5ODJ8MHwxfHNlYXJjaHwxfHxzdGVlbCUyMHJlaW5mb3JjZW1lbnR8ZW58MHx8fHwxNzYyMjA3MDc3fDA&ixlib=rb-4.1.0&q=80&w=1080",
      "imageHint": "steel reinforcement"
    }
  ]
}